species	sample_id	treatment	seq_center_id	ccg_sample_id	spec	lane	seq_n	bp_count	file_fw	file_rv	md5_fw	md5_rv	sequencer_id	run_id	flowcell_id	lane_header	nr_within_lane	x_tile	y_tile	mate_dir	filtered	control_bits	idex_seq	company
NES	ES3354	Trauma	702-1	177968	mirang	L003	348777672	52665428472	A006850217_177968_S264_L003_R1_001.fastq.gz	A006850217_177968_S264_L003_R2_001.fastq.gz	68e13e64e0f2bdbd4abcef12661a650d	9aecb60e8377d7d6ec8bce91f83821b2	@A00685	217	HMNJJDSX3	3	1101	1145	1000	1	N	0	TGCCGGTCAG+TTGTATCAGG	GTL
NES	ES3354	Trauma	702-1	177968	mirang	L004	348777672	52665428472	A006850217_177968_S264_L004_R1_001.fastq.gz	A006850217_177968_S264_L004_R2_001.fastq.gz	9bc22dc87509e01e10d80a197210fd6e	2b38d9329fdff2192fdf55b80b46d0a4	@A00685	217	HMNJJDSX3	4	1101	3477	1000	1	N	0	TGCCGGTCAG+TTGTATCAGG	GTL
NES	ES2551	Trauma	702-2	177970	mirang	L003	336577482	50823199782	A006850217_177970_S265_L003_R1_001.fastq.gz	A006850217_177970_S265_L003_R2_001.fastq.gz	121a0e94e3069d59302ace9c266a5a98	43446c52fe2b6ad89d215859a74c569a	@A00685	217	HMNJJDSX3	3	1101	1741	1000	1	N	0	CACTCAATTC+CACAACTTAA	GTL
NES	ES2551	Trauma	702-2	177970	mirang	L004	336577482	50823199782	A006850217_177970_S265_L004_R1_001.fastq.gz	A006850217_177970_S265_L004_R2_001.fastq.gz	a503ee63e9dd8d57e4560ba85ad9ecef	a2f29a704ea73471551da7d6e4c78ff2	@A00685	217	HMNJJDSX3	4	1101	2645	1000	1	N	0	CACTCAATTC+CACAACTTAA	GTL
NES	ES2829	Trauma	702-3	177972	mirang	L003	372798436	56292563836	A006850217_177972_S266_L003_R1_001.fastq.gz	A006850217_177972_S266_L003_R2_001.fastq.gz	e31a9a589288deca434dc07087c07e8d	f0132be8839936a0ce60d0e7878b70a2	@A00685	217	HMNJJDSX3	3	1101	1994	1000	1	N	0	TCTCACACGC+TCACTGTCCG	GTL
NES	ES2829	Trauma	702-3	177972	mirang	L004	372798436	56292563836	A006850217_177972_S266_L004_R1_001.fastq.gz	A006850217_177972_S266_L004_R2_001.fastq.gz	e78666797065d0956598e8c5098c8323	e4e4522c7c30c1fd0a2e78d6bc97729d	@A00685	217	HMNJJDSX3	4	1101	1452	1000	1	N	0	TCTCACACGC+TCACTGTCCG	GTL
NES	ES2816	Trauma	702-4	177974	mirang	L003	295076816	44556599216	A006850217_177974_S267_L003_R1_001.fastq.gz	A006850217_177974_S267_L003_R2_001.fastq.gz	488ab9fe041313c8630a5f2a4bb72dad	12df20391cc927e9f5ee9f687f00ab68	@A00685	217	HMNJJDSX3	3	1101	1470	1000	1	N	0	TCAATGGAGA+GTTGTAGTGC	GTL
NES	ES2816	Trauma	702-4	177974	mirang	L004	295076816	44556599216	A006850217_177974_S267_L004_R1_001.fastq.gz	A006850217_177974_S267_L004_R2_001.fastq.gz	e24fb5a578f07c6608c18d4069830816	640338e6e8b02a228651c43ec1f5c364	@A00685	217	HMNJJDSX3	4	1101	3043	1000	1	N	0	TCAATGGAGA+GTTGTAGTGC	GTL
NES	ES3252	Bacteria	702-5	177976	mirang	L003	335439210	50651320710	A006850217_177976_S268_L003_R1_001.fastq.gz	A006850217_177976_S268_L003_R2_001.fastq.gz	d8fe3e5a455f274752522fa8c423d25d	c2f8b9830394fc403a59ad339c56c725	@A00685	217	HMNJJDSX3	3	1101	2374	1000	1	N	0	ATATGCATGT+CCAGGCACCA	GTL
NES	ES3252	Bacteria	702-5	177976	mirang	L004	335439210	50651320710	A006850217_177976_S268_L004_R1_001.fastq.gz	A006850217_177976_S268_L004_R2_001.fastq.gz	a48b8d2190102ed11b43848b8d730db8	f5176ce2b4c75df653946ce8062b04d6	@A00685	217	HMNJJDSX3	4	1101	1380	1000	1	N	0	ATATGCATGT+CCAGGCACCA	GTL
NES	ES3289	Bacteria	702-6	177978	mirang	L003	244313710	36891370210	A006850217_177978_S269_L003_R1_001.fastq.gz	A006850217_177978_S269_L003_R2_001.fastq.gz	0669bc2201d66f979b481318dcf37188	c6b65d149416760ef324221ab7a8263b	@A00685	217	HMNJJDSX3	3	1101	1127	1000	1	N	0	ATGGCGCCTG+AGGCCGTGGA	GTL
NES	ES3289	Bacteria	702-6	177978	mirang	L004	244313710	36891370210	A006850217_177978_S269_L004_R1_001.fastq.gz	A006850217_177978_S269_L004_R2_001.fastq.gz	b1e3ac9179779c670529983abe6fa6a4	9c73b3a5162cea589658d81f803914da	@A00685	217	HMNJJDSX3	4	1101	1072	1000	1	N	0	ATGGCGCCTG+AGGCCGTGGA	GTL
NES	ES3347	Bacteria	702-7	177980	mirang	L003	383944406	57975605306	A006850217_177980_S270_L003_R1_001.fastq.gz	A006850217_177980_S270_L003_R2_001.fastq.gz	6f2d6f44f005d537f7ee48de1c8b570a	7d5c7ccaa38c14c268f08ea8ce88e40e	@A00685	217	HMNJJDSX3	3	1101	1488	1000	1	N	0	TCCGTTATGT+TACACTACAA	GTL
NES	ES3347	Bacteria	702-7	177980	mirang	L004	383944406	57975605306	A006850217_177980_S270_L004_R1_001.fastq.gz	A006850217_177980_S270_L004_R2_001.fastq.gz	332e58a2295f9f6273d12a167bdf4f86	34fb028c4be8fa2a1e723cedadaab771	@A00685	217	HMNJJDSX3	4	1101	1289	1000	1	N	0	TCCGTTATGT+TACACTACAA	GTL
NES	ES3283	Malnutrition	702-8	177982	mirang	L003	354158922	53477997222	A006850217_177982_S271_L003_R1_001.fastq.gz	A006850217_177982_S271_L003_R2_001.fastq.gz	e98bc5ad4756969166e5dbc332f9b16a	da665dd3834639b460483d207e69f24d	@A00685	217	HMNJJDSX3	3	1101	2989	1000	1	N	0	GGTCTATTAA+CGTGTCGTGG	GTL
NES	ES3283	Malnutrition	702-8	177982	mirang	L004	354158922	53477997222	A006850217_177982_S271_L004_R1_001.fastq.gz	A006850217_177982_S271_L004_R2_001.fastq.gz	48413d227032e16f6b8cd9b84b5da6aa	4112d6abe588cd7ad287fe909eb91fe4	@A00685	217	HMNJJDSX3	4	1101	2157	1000	1	N	0	GGTCTATTAA+CGTGTCGTGG	GTL
NES	ES3351	Malnutrition	702-9	177984	mirang	L003	423939962	64014934262	A006850217_177984_S272_L003_R1_001.fastq.gz	A006850217_177984_S272_L003_R2_001.fastq.gz	cd7ae308f13d575dc66df5af7f8d8ab7	6814f69eb6a3a9e41b1977cdab2e38b5	@A00685	217	HMNJJDSX3	3	1101	1832	1000	1	N	0	CAGCAATCGT+ATACATCACA	GTL
NES	ES3351	Malnutrition	702-9	177984	mirang	L004	423939962	64014934262	A006850217_177984_S272_L004_R1_001.fastq.gz	A006850217_177984_S272_L004_R2_001.fastq.gz	ea027ace0f78be16270a85c1d3ac0a63	82b523e24ceb4fbb6c557f39eed06667	@A00685	217	HMNJJDSX3	4	1101	2446	1000	1	N	0	CAGCAATCGT+ATACATCACA	GTL
NES	ES2713	Malnutrition	702-10	177986	mirang	L003	432928818	65372251518	A006850217_177986_S273_L003_R1_001.fastq.gz	A006850217_177986_S273_L003_R2_001.fastq.gz	e190931bbeb842ed9f9f65f107c9a803	999cff97e2880ef44af533a9359c6539	@A00685	217	HMNJJDSX3	3	1101	1759	1000	1	N	0	TTCTGTAGAA+TATTGCGCTC	GTL
NES	ES2713	Malnutrition	702-10	177986	mirang	L004	432928818	65372251518	A006850217_177986_S273_L004_R1_001.fastq.gz	A006850217_177986_S273_L004_R2_001.fastq.gz	f56c3b74d8955601cdd3babf2f6b0705	1f324c096c268f86a2f58fd94005acb6	@A00685	217	HMNJJDSX3	4	1101	1163	1000	1	N	0	TTCTGTAGAA+TATTGCGCTC	GTL
NES	ES2930	Worms	702-11	177988	mirang	L003	362817892	54785501692	A006850217_177988_S274_L003_R1_001.fastq.gz	A006850217_177988_S274_L003_R2_001.fastq.gz	6c8ee0cd7d6819c1382d3d7d1c62264a	c0479b7cc02b9375d392551771155177	@A00685	217	HMNJJDSX3	3	1101	1289	1000	1	N	0	GAACGCAATA+ACAGTAAGAT	GTL
NES	ES2930	Worms	702-11	177988	mirang	L004	362817892	54785501692	A006850217_177988_S274_L004_R1_001.fastq.gz	A006850217_177988_S274_L004_R2_001.fastq.gz	4968e39232c18cc1724922e931f4d960	cc2df664952ff0fb7f00829afb039ec9	@A00685	217	HMNJJDSX3	4	1101	1181	1000	1	N	0	GAACGCAATA+ACAGTAAGAT	GTL
NES	ES3335	Worms	702-12	177990	mirang	L003	326319194	49274198294	A006850217_177990_S275_L003_R1_001.fastq.gz	A006850217_177990_S275_L003_R2_001.fastq.gz	e86f8bb353046dddfe1baf082b2a857f	52ba13a6e54bd668bbf4a4a2611a7d6e	@A00685	217	HMNJJDSX3	3	1101	1796	1000	1	N	0	AGTACTCATG+ACCACGACAT	GTL
NES	ES3335	Worms	702-12	177990	mirang	L004	326319194	49274198294	A006850217_177990_S275_L004_R1_001.fastq.gz	A006850217_177990_S275_L004_R2_001.fastq.gz	a927fa5681c8f25101ca664d4bd44515	6efd6ec6eef7f99014441f41505b4c5d	@A00685	217	HMNJJDSX3	4	1101	1561	1000	1	N	0	AGTACTCATG+ACCACGACAT	GTL
NES	ES2913	Worms	702-13	177992	mirang	L003	355860604	53734951204	A006850217_177992_S276_L003_R1_001.fastq.gz	A006850217_177992_S276_L003_R2_001.fastq.gz	fab84762844bd5a90774b9b3362dd562	78838ad6c0c415807b3fe3c6749b2cb0	@A00685	217	HMNJJDSX3	3	1101	1108	1000	1	N	0	GGTAGAATTA+TGATGGCTAC	GTL
NES	ES2913	Worms	702-13	177992	mirang	L004	355860604	53734951204	A006850217_177992_S276_L004_R1_001.fastq.gz	A006850217_177992_S276_L004_R2_001.fastq.gz	b20065cf46f508b1cc0b9a9d3fc8d8b0	69ba0c22c9677ed7c454d1dc0690989f	@A00685	217	HMNJJDSX3	4	1101	1018	1000	1	N	0	GGTAGAATTA+TGATGGCTAC	GTL
NES	ES3356	Worms	702-14	177994	mirang	L003	440809358	66562213058	A006850217_177994_S277_L003_R1_001.fastq.gz	A006850217_177994_S277_L003_R2_001.fastq.gz	07d996111fd8268bf26cea524792f6a9	19621fac1dbb8922296548f0fc43d581	@A00685	217	HMNJJDSX3	3	1101	2175	1000	1	N	0	TAATTAGCGT+TTCTTAACCA	GTL
NES	ES3356	Worms	702-14	177994	mirang	L004	440809358	66562213058	A006850217_177994_S277_L004_R1_001.fastq.gz	A006850217_177994_S277_L004_R2_001.fastq.gz	8a9fd17ff47987f7bd35128387c0abaf	034d24ce0b7bdf15b00c5b94b095a5de	@A00685	217	HMNJJDSX3	4	1101	1145	1000	1	N	0	TAATTAGCGT+TTCTTAACCA	GTL
NES	ES3368	Worms	702-15	177996	mirang	L003	419318428	63317082628	A006850217_177996_S278_L003_R1_001.fastq.gz	A006850217_177996_S278_L003_R2_001.fastq.gz	d13f4447f1f04ef3a648d462974d85dd	d25bb42afaba5be07c45126ef7761bb0	@A00685	217	HMNJJDSX3	3	1101	1416	1000	1	N	0	ATTAACAAGG+ACGAACAACA	GTL
NES	ES3368	Worms	702-15	177996	mirang	L004	419318428	63317082628	A006850217_177996_S278_L004_R1_001.fastq.gz	A006850217_177996_S278_L004_R2_001.fastq.gz	c3ee03b9dfcafdc4a06d2489ecb2465c	b36e6e9c36cec2ee976e65d38710588d	@A00685	217	HMNJJDSX3	4	1101	2139	1000	1	N	0	ATTAACAAGG+ACGAACAACA	GTL
NES	ES2915	Worms	702-16	177998	mirang	L003	397820654	60070918754	A006850217_177998_S279_L003_R1_001.fastq.gz	A006850217_177998_S279_L003_R2_001.fastq.gz	f94a7552aeb68438e82f51bf69eaa1bd	e14889e8da343ce2fa9e6f5928b2a77a	@A00685	217	HMNJJDSX3	3	1101	1904	1000	1	N	0	TGATGGCTAC+ATGTTGTTGG	GTL
NES	ES2915	Worms	702-16	177998	mirang	L004	397820654	60070918754	A006850217_177998_S279_L004_R1_001.fastq.gz	A006850217_177998_S279_L004_R2_001.fastq.gz	80c214dcaea42e6383af2e59dd51b9bf	c1a4301f3a229ad7431edce30220c0ed	@A00685	217	HMNJJDSX3	4	1101	1127	1000	1	N	0	TGATGGCTAC+AGGTTGTTGG	GTL
NES	ES3358	Worms	702-17	178000	mirang	L003	391317346	59088919246	A006850217_178000_S280_L003_R1_001.fastq.gz	A006850217_178000_S280_L003_R2_001.fastq.gz	b358b0321ce50e61a7851cedd829d112	6db6b1cf3d7753ba4ce4b49ad94cbedd	@A00685	217	HMNJJDSX3	3	1101	1307	1000	1	N	0	GAATTACAAG+CTGAGCCGGT	GTL
NES	ES3358	Worms	702-17	178000	mirang	L004	391317346	59088919246	A006850217_178000_S280_L004_R1_001.fastq.gz	A006850217_178000_S280_L004_R2_001.fastq.gz	923637ccfc3229ee258651e162c21155	f521fe3b276616e33e0c716bfa387cf0	@A00685	217	HMNJJDSX3	4	1101	3061	1000	1	N	0	GAATTACAAG+CTGAGCCGGT	GTL
NES	ES2946	Worms	702-18	178002	mirang	L003	311323256	47009811656	A006850217_178002_S281_L003_R1_001.fastq.gz	A006850217_178002_S281_L003_R2_001.fastq.gz	0acb5cea7c1271763209c213c2081804	cbe0a2006c3ff73a62a820deb4df7638	@A00685	217	HMNJJDSX3	3	1101	2971	1000	1	N	0	TAGAATTGGA+TCAGATTAAC	GTL
NES	ES2946	Worms	702-18	178002	mirang	L004	311323256	47009811656	A006850217_178002_S281_L004_R1_001.fastq.gz	A006850217_178002_S281_L004_R2_001.fastq.gz	4e015ad5da69ccb36b2846ad74ed871d	006101009a3896c1f826a26656d18e7e	@A00685	217	HMNJJDSX3	4	1101	2682	1000	1	N	0	TAGAATTGGA+TCAGATTAAC	GTL
NES	ES2692	Worms	702-19	178004	mirang	L003	405676590	61257165090	A006850217_178004_S282_L003_R1_001.fastq.gz	A006850217_178004_S282_L003_R2_001.fastq.gz	198e00e004d6720c368bed4b573747ca	c7c494cc9612b33b6b1a762d070bc158	@A00685	217	HMNJJDSX3	3	1101	1253	1000	1	N	0	AGGCAGCTCT+ACGTTAGCCG	GTL
NES	ES2692	Worms	702-19	178004	mirang	L004	405676590	61257165090	A006850217_178004_S282_L004_R1_001.fastq.gz	A006850217_178004_S282_L004_R2_001.fastq.gz	5b4f54bc9965c7b0cb564ef230ba041a	fdc73f9413f33f36cd8b988dca5a013f	@A00685	217	HMNJJDSX3	4	1101	1832	1000	1	N	0	AGGCAGCTCT+ACGTTAGCCG	GTL
NES	ES2697	Worms	702-20	178006	mirang	L003	337591718	50976349418	A006850217_178006_S283_L003_R1_001.fastq.gz	A006850217_178006_S283_L003_R2_001.fastq.gz	87ac05f538c77b3f1f97530610d56359	2aa46aecf446ca994f745997da4b3b3e	@A00685	217	HMNJJDSX3	3	1101	2302	1000	1	N	0	ATCGGCGAAG+AATTCTTGGA	GTL
NES	ES2697	Worms	702-20	178006	mirang	L004	337591718	50976349418	A006850217_178006_S283_L004_R1_001.fastq.gz	A006850217_178006_S283_L004_R2_001.fastq.gz	c13236e640dd7d2a18def6217242a97d	f193a9c4c08b4331255c128dc4b89e24	@A00685	217	HMNJJDSX3	4	1101	1759	1000	1	N	0	ATCGGCGAAG+AATTCTTGGA	GTL
SES	105388	NA	702-21	178008	mirleo	L003	392410410	59253971910	A006850217_178008_S284_L003_R1_001.fastq.gz	A006850217_178008_S284_L003_R2_001.fastq.gz	8f4378118d021603ce8210147cdcd6b5	cb41f302fb48ff283abc8d960bf17b5a	@A00685	217	HMNJJDSX3	3	1101	1072	1000	1	N	0	CCGTGACCGA+CAACGTTCGG	GTL
SES	105388	NA	702-21	178008	mirleo	L004	392410410	59253971910	A006850217_178008_S284_L004_R1_001.fastq.gz	A006850217_178008_S284_L004_R2_001.fastq.gz	b8e9ac688a826a30d1e585e35d2f0951	88db62caeb90d9ba725ef435689d57d0	@A00685	217	HMNJJDSX3	4	1101	1090	1000	1	N	0	CCGTGACCGA+CAACGTTCGG	GTL
SES	105391	NA	702-22	178010	mirleo	L003	434897216	65669479616	A006850217_178010_S285_L003_R1_001.fastq.gz	A006850217_178010_S285_L003_R2_001.fastq.gz	560074993597233d369bc798851cee21	50946c3bd44698158bf98326ec72b4df	@A00685	217	HMNJJDSX3	3	1101	1181	1000	1	N	0	ATACTTGTTC+TCGGCGGTTA	GTL
SES	105391	NA	702-22	178010	mirleo	L004	434897216	65669479616	A006850217_178010_S285_L004_R1_001.fastq.gz	A006850217_178010_S285_L004_R2_001.fastq.gz	5f6186f65167cae4e3079398c155888e	54e1072f9d1622f9169410b9ee8ca789	@A00685	217	HMNJJDSX3	4	1101	1054	1000	1	N	0	ATACTTGTTC+TCGGCGGTTA	GTL
SES	105407	NA	702-23	178012	mirleo	L003	516862864	78046292464	A006850217_178012_S286_L003_R1_001.fastq.gz	A006850217_178012_S286_L003_R2_001.fastq.gz	bae2847a09767221019f5759263edd32	50f6dcd2839abfb5a0bc642b58773a2c	@A00685	217	HMNJJDSX3	3	1101	3332	1000	1	N	0	TCCGCCAATT+CAGCACGGAG	GTL
SES	105407	NA	702-23	178012	mirleo	L004	516862864	78046292464	A006850217_178012_S286_L004_R1_001.fastq.gz	A006850217_178012_S286_L004_R2_001.fastq.gz	5d3992cccab6f9a3b245c1cbedfc0f82	3bde271c3eaf43de24596a1b57df9bc1	@A00685	217	HMNJJDSX3	4	1101	1398	1000	1	N	0	TCCGCCAATT+CAGCACGGAG	GTL
SES	160467	NA	702-24	178014	mirleo	L003	320711020	48427364020	A006850217_178014_S287_L003_R1_001.fastq.gz	A006850217_178014_S287_L003_R2_001.fastq.gz	f72fab706c43c9dddbe9eee66dcf128b	a0473dc9579ccb2bb84ac9542bdfe490	@A00685	217	HMNJJDSX3	3	1101	2230	1000	1	N	0	AGGACAGGCC+AGATGGAATG	GTL
SES	160467	NA	702-24	178014	mirleo	L004	320711020	48427364020	A006850217_178014_S287_L004_R1_001.fastq.gz	A006850217_178014_S287_L004_R2_001.fastq.gz	f5c208cef97d2e42029d18497c9bbedb	384d7287a14ecc390c48c23f94376271	@A00685	217	HMNJJDSX3	4	1101	3423	1000	1	N	0	AGGACAGGCC+AGCTGGAATG	GTL
SES	160488	NA	702-25	178016	mirleo	L003	365547400	55197657400	A006850217_178016_S288_L003_R1_001.fastq.gz	A006850217_178016_S288_L003_R2_001.fastq.gz	67e342e844c6420629ef25340b4c612f	e4223246236d3fcdc2ebdf21dbfc5328	@A00685	217	HMNJJDSX3	3	1101	1561	1000	1	N	0	AGAGAACCTA+TAGCATAACC	GTL
SES	160488	NA	702-25	178016	mirleo	L004	365547400	55197657400	A006850217_178016_S288_L004_R1_001.fastq.gz	A006850217_178016_S288_L004_R2_001.fastq.gz	c17b84f5af2d8e2f93550ae2cab5ef60	268f4025088c68d155e60a51fabe3f4f	@A00685	217	HMNJJDSX3	4	1101	5159	1000	1	N	0	AGAGAACCTA+TAGCATAACC	GTL
SES	160432	NA	702-26	178018	mirleo	L003	286808502	43308083802	A006850217_178018_S289_L003_R1_001.fastq.gz	A006850217_178018_S289_L003_R2_001.fastq.gz	7e38fceb1d4d0c9e7725952d2055ac11	823cab89d4e8d03101e60305c9919fe3	@A00685	217	HMNJJDSX3	3	1101	1651	1000	1	N	0	GATATTGTGT+ACCGTGTGGT	GTL
SES	160432	NA	702-26	178018	mirleo	L004	286808502	43308083802	A006850217_178018_S289_L004_R1_001.fastq.gz	A006850217_178018_S289_L004_R2_001.fastq.gz	47516ed94ec1d81e7e2b60252647f804	74c622fc61de415c91bb29a4ce551bbd	@A00685	217	HMNJJDSX3	4	1101	1253	1000	1	N	0	GATATTGTGT+ACCGTGTGGT	GTL
SES	160463	NA	702-27	178020	mirleo	L003	432114908	65249351108	A006850217_178020_S290_L003_R1_001.fastq.gz	A006850217_178020_S290_L003_R2_001.fastq.gz	c5784f1058c1e8cc94bc83e5abf9e618	7a748aa6360a60b7fdd5ec8af731690a	@A00685	217	HMNJJDSX3	3	1101	1687	1000	1	N	0	CGTACAGGAA+AGAGAACCTA	GTL
SES	160463	NA	702-27	178020	mirleo	L004	432114908	65249351108	A006850217_178020_S290_L004_R1_001.fastq.gz	A006850217_178020_S290_L004_R2_001.fastq.gz	69476ff077535a9ffb197ed78e19e5c7	c5799310f8f322912e6b31c58345462d	@A00685	217	HMNJJDSX3	4	1101	1434	1000	1	N	0	CGTACAGGAA+AGAGAACCTA	GTL
SES	507	NA	702-28	178022	mirleo	L003	429539222	64860422522	A006850217_178022_S291_L003_R1_001.fastq.gz	A006850217_178022_S291_L003_R2_001.fastq.gz	ea89baee719a83a21634d74d1ebcb17f	ce003d75851f3433e8a3ecd1dc2d8a04	@A00685	217	HMNJJDSX3	3	1101	1325	1000	1	N	0	CTGCGTTACC+TCGAGCCATA	GTL
SES	507	NA	702-28	178022	mirleo	L004	429539222	64860422522	A006850217_178022_S291_L004_R1_001.fastq.gz	A006850217_178022_S291_L004_R2_001.fastq.gz	d7a9725b9c4a2265df86f1ceb415ac95	376e6da3cb59ab8e90128a125b6b7cf1	@A00685	217	HMNJJDSX3	4	1101	1542	1000	1	N	0	CTGCGTTACC+TCGAGCCATA	GTL
SES	515	NA	702-29	178024	mirleo	L003	340938748	51481750948	A006850217_178024_S292_L003_R1_001.fastq.gz	A006850217_178024_S292_L003_R2_001.fastq.gz	d34198c203a97fe4d49c37b61a9c0153	5bff0e49261c2ddfae35c6d535bd3978	@A00685	217	HMNJJDSX3	3	1101	1814	1000	1	N	0	AGGCCGTGGA+AACGCACGAG	GTL
SES	515	NA	702-29	178024	mirleo	L004	340938748	51481750948	A006850217_178024_S292_L004_R1_001.fastq.gz	A006850217_178024_S292_L004_R2_001.fastq.gz	2e68aefd586f61308e815488c85c3351	210e43f3b9ae77187979e96c1c5422c8	@A00685	217	HMNJJDSX3	4	1101	2374	1000	1	N	0	AGGCCGTGGA+AACGCACGAG	GTL
SES	522	NA	702-30	178026	mirleo	L003	285777214	43152359314	A006850217_178026_S293_L003_R1_001.fastq.gz	A006850217_178026_S293_L003_R2_001.fastq.gz	dd8e4d70950b48da8cfe2c495e91a571	3f520b3c42b46162b5d2139be0711f8c	@A00685	217	HMNJJDSX3	3	1101	1850	1000	1	N	0	AGGAGGTATC+TGCCAACTGG	GTL
SES	522	NA	702-30	178026	mirleo	L004	285777214	43152359314	A006850217_178026_S293_L004_R1_001.fastq.gz	A006850217_178026_S293_L004_R2_001.fastq.gz	e2ad45c717402f4b82fb1389c1a6e47f	ed155d2fb2c6c3058c7aaf10ad1bbae7	@A00685	217	HMNJJDSX3	4	1101	1199	1000	1	N	0	AGGAGGTATC+TGCCAACTGG	GTL
SES	160475	NA	702-72	NA	mirleo	L001	NA	NA	702-72_S7_L001_R1_001.fastq.gz	702-72_S7_L001_R2_001.fastq.gz	0cb223099a2baff085bfd7cb132fd9d2	fb3f3c409968d9d1f0050e2e4f0eb60a	@A00620	360	HV7VHDSX7	1	1101	1199	1031	NA	NA	NA	NA	GTL
SES	160475	NA	702-72	NA	mirleo	L002	NA	NA	702-72_S7_L002_R1_001.fastq.gz	702-72_S7_L002_R2_001.fastq.gz	16d739da18fb93bbd314e47a390b0cd7	e42cad753df4a8d618260bc01995315b	@A00620	360	HV7VHDSX7	2	1101	1081	1016	NA	NA	NA	NA	GTL
SES	160475	NA	702-72	NA	mirleo	L003	NA	NA	702-72_S7_L003_R1_001.fastq.gz	702-72_S7_L003_R2_001.fastq.gz	285d22e3b4ecc35e02fa8b6cf54fd6c5	9e00b631662fe5d82ef1bc70ab0620fc	@A00620	360	HV7VHDSX7	3	1101	1542	1031	NA	NA	NA	NA	GTL
SES	160475	NA	702-72	NA	mirleo	L004	NA	NA	702-72_S7_L004_R1_001.fastq.gz	702-72_S7_L004_R2_001.fastq.gz	c36d878d72fcc31d173f722c428292f9	124b709e349a04112fd9100c94004256	@A00620	360	HV7VHDSX7	4	1101	4200	1031	NA	NA	NA	NA	GTL
SES	173868	NA	702-74	NA	mirleo	L001	NA	NA	702-74_S8_L001_R1_001.fastq.gz	702-74_S8_L001_R2_001.fastq.gz	3e3ab66f88bd2234ddc0ce5d265d89d0	9337cee194c4c6849127470d8371a1b1	@A00620	360	HV7VHDSX7	1	1101	2374	1031	NA	NA	NA	NA	GTL
SES	173868	NA	702-74	NA	mirleo	L002	NA	NA	702-74_S8_L002_R1_001.fastq.gz	702-74_S8_L002_R2_001.fastq.gz	3906680453ba34b3b08ad0df1fd69265	697dab0dde05b73315f739239aa51409	@A00620	360	HV7VHDSX7	2	1101	3685	1016	NA	NA	NA	NA	GTL
SES	173868	NA	702-74	NA	mirleo	L003	NA	NA	702-74_S8_L003_R1_001.fastq.gz	702-74_S8_L003_R2_001.fastq.gz	0c02dbd5d28d8f8abb98c57fdf414303	f7ca556e1b5b2ade40a9b8e2f3895d1a	@A00620	360	HV7VHDSX7	3	1101	1108	1031	NA	NA	NA	NA	GTL
SES	173868	NA	702-74	NA	mirleo	L004	NA	NA	702-74_S8_L004_R1_001.fastq.gz	702-74_S8_L004_R2_001.fastq.gz	c74ab70ded06e9b7618bdb0501146043	5ed06f10d5acb9066075af02f65199ee	@A00620	360	HV7VHDSX7	4	1101	3260	1031	NA	NA	NA	NA	GTL
SES	173878	NA	702-76	NA	mirleo	L001	NA	NA	702-76_S10_L001_R1_001.fastq.gz	702-76_S10_L001_R2_001.fastq.gz	2045b3b6aeebfebc5f61336446833e9a	b4e96df336c674ad90d4f4e90264e09a	@A00620	360	HV7VHDSX7	1	1101	1108	1031	NA	NA	NA	NA	GTL
SES	173878	NA	702-76	NA	mirleo	L002	NA	NA	702-76_S10_L002_R1_001.fastq.gz	702-76_S10_L002_R2_001.fastq.gz	481f1cf953945142bedb14e636304010	56ae5b4ba524f05c45228d229c2f0729	@A00620	360	HV7VHDSX7	2	1101	3794	1016	NA	NA	NA	NA	GTL
SES	173878	NA	702-76	NA	mirleo	L003	NA	NA	702-76_S10_L003_R1_001.fastq.gz	702-76_S10_L003_R2_001.fastq.gz	15bf1378178b4ba1529898e30c615271	633f7c1787fea17209a1a212a0711236	@A00620	360	HV7VHDSX7	3	1101	4580	1031	NA	NA	NA	NA	GTL
SES	173878	NA	702-76	NA	mirleo	L004	NA	NA	702-76_S10_L004_R1_001.fastq.gz	702-76_S10_L004_R2_001.fastq.gz	6e378772ea0a38bf8fe965249bcccf4b	3670bf3f7c33981e9fe7e7db8708f23e	@A00620	360	HV7VHDSX7	4	1101	2067	1031	NA	NA	NA	NA	GTL
SES	173880	NA	702-77	NA	mirleo	L001	NA	NA	702-77_S11_L001_R1_001.fastq.gz	702-77_S11_L001_R2_001.fastq.gz	90f32207538cf7474b60b744359faac1	afbed20470e6d6c4e14a9eb00bc1926d	@A00620	360	HV7VHDSX7	1	1101	6479	1031	NA	NA	NA	NA	GTL
SES	173880	NA	702-77	NA	mirleo	L002	NA	NA	702-77_S11_L002_R1_001.fastq.gz	702-77_S11_L002_R2_001.fastq.gz	efc6db0736f48e0c8fc5c98108d78bed	a7f3a08dc7b16bf2b9b79411095e1f8c	@A00620	360	HV7VHDSX7	2	1101	1479	1016	NA	NA	NA	NA	GTL
SES	173880	NA	702-77	NA	mirleo	L003	NA	NA	702-77_S11_L003_R1_001.fastq.gz	702-77_S11_L003_R2_001.fastq.gz	852930491a4c575753b50e3928bd5252	8af1f2d6c8cde29056037b276f659afc	@A00620	360	HV7VHDSX7	3	1101	1127	1031	NA	NA	NA	NA	GTL
SES	173880	NA	702-77	NA	mirleo	L004	NA	NA	702-77_S11_L004_R1_001.fastq.gz	702-77_S11_L004_R2_001.fastq.gz	6afaf90f4353e4ea5b460f53115a2d77	79a279d3af75ac079ca6a8691bacf92c	@A00620	360	HV7VHDSX7	4	1101	1163	1031	NA	NA	NA	NA	GTL
SES	173883	NA	702-78	NA	mirleo	L001	NA	NA	702-78_S12_L001_R1_001.fastq.gz	702-78_S12_L001_R2_001.fastq.gz	682305bcb480830e94f671ed0c1d6808	c0091771c4a5db5f494d747516223e3f	@A00620	360	HV7VHDSX7	1	1101	1597	1031	NA	NA	NA	NA	GTL
SES	173883	NA	702-78	NA	mirleo	L002	NA	NA	702-78_S12_L002_R1_001.fastq.gz	702-78_S12_L002_R2_001.fastq.gz	499df69f996bfd950ef560599b907957	69a47be4ac21aace3b23190a8d79c6f1	@A00620	360	HV7VHDSX7	2	1101	3540	1016	NA	NA	NA	NA	GTL
SES	173883	NA	702-78	NA	mirleo	L003	NA	NA	702-78_S12_L003_R1_001.fastq.gz	702-78_S12_L003_R2_001.fastq.gz	38980b281f6b5ab2317f3ad1132ad45d	6d36e52b7750268e144a3b784e0c9322	@A00620	360	HV7VHDSX7	3	1101	1506	1031	NA	NA	NA	NA	GTL
SES	173883	NA	702-78	NA	mirleo	L004	NA	NA	702-78_S12_L004_R1_001.fastq.gz	702-78_S12_L004_R2_001.fastq.gz	d57da556f39089aa8fb567621c5aafb1	09846c61c65da0999315fdbd573d07bd	@A00620	360	HV7VHDSX7	4	1101	2483	1031	NA	NA	NA	NA	GTL
SES	195712	NA	702-80	NA	mirleo	L001	NA	NA	702-80_S13_L001_R1_001.fastq.gz	702-80_S13_L001_R2_001.fastq.gz	c09d69c005213e509ee59b429396bc28	9f3b31a19481c6b8b0cdbd68b2e39095	@A00620	360	HV7VHDSX7	1	1101	1759	1031	NA	NA	NA	NA	GTL
SES	195712	NA	702-80	NA	mirleo	L002	NA	NA	702-80_S13_L002_R1_001.fastq.gz	702-80_S13_L002_R2_001.fastq.gz	808534c5263fe3ca21a1d739dfef8e01	59ec0341bb9855aaf2b2f8acfdb062b0	@A00620	360	HV7VHDSX7	2	1101	1045	1016	NA	NA	NA	NA	GTL
SES	195712	NA	702-80	NA	mirleo	L003	NA	NA	702-80_S13_L003_R1_001.fastq.gz	702-80_S13_L003_R2_001.fastq.gz	80d1df8d589ede8d86c4f9b83ed460f3	3085dd80a65e808518b2ccaceee8729f	@A00620	360	HV7VHDSX7	3	1101	1687	1031	NA	NA	NA	NA	GTL
SES	195712	NA	702-80	NA	mirleo	L004	NA	NA	702-80_S13_L004_R1_001.fastq.gz	702-80_S13_L004_R2_001.fastq.gz	75069857b1503dbd08b74ec04bb7ecb3	505407ec60416b000b4dc8f221d29c1f	@A00620	360	HV7VHDSX7	4	1101	1633	1031	NA	NA	NA	NA	GTL
SES	510	NA	702-82	NA	mirleo	L001	NA	NA	702-82_S14_L001_R1_001.fastq.gz	702-82_S14_L001_R2_001.fastq.gz	37b7507f78b52473a1c05651e7bb74cb	8188b04e479a996c6043e668d2f32ef0	@A00620	360	HV7VHDSX7	1	1101	5122	1031	NA	NA	NA	NA	GTL
SES	510	NA	702-82	NA	mirleo	L002	NA	NA	702-82_S14_L002_R1_001.fastq.gz	702-82_S14_L002_R2_001.fastq.gz	39434708d1ef576897a6f36d1a885957	31a4d1a6838346a5977c2db6ba921600	@A00620	360	HV7VHDSX7	2	1101	1805	1016	NA	NA	NA	NA	GTL
SES	510	NA	702-82	NA	mirleo	L003	NA	NA	702-82_S14_L003_R1_001.fastq.gz	702-82_S14_L003_R2_001.fastq.gz	0711423ae4313e750d15ed8efccb57d9	88a5748bf3f5f1c6e691c05f92947137	@A00620	360	HV7VHDSX7	3	1101	2284	1031	NA	NA	NA	NA	GTL
SES	510	NA	702-82	NA	mirleo	L004	NA	NA	702-82_S14_L004_R1_001.fastq.gz	702-82_S14_L004_R2_001.fastq.gz	14e06f421bc18a3dbcf8cd0097875d15	96bc3af154b78d004aa7bb249917ffd5	@A00620	360	HV7VHDSX7	4	1101	2013	1031	NA	NA	NA	NA	GTL
SES	524	NA	702-83	NA	mirleo	L001	NA	NA	702-83_S15_L001_R1_001.fastq.gz	702-83_S15_L001_R2_001.fastq.gz	f0b9ee8d42e0b4a3096c7aa043d0a2ac	70daf52ad39c6a56b91bc083dc04788c	@A00620	360	HV7VHDSX7	1	1101	4381	1031	NA	NA	NA	NA	GTL
SES	524	NA	702-83	NA	mirleo	L002	NA	NA	702-83_S15_L002_R1_001.fastq.gz	702-83_S15_L002_R2_001.fastq.gz	b57fce64d7d690025f64b67fdb227821	a2633598038980bdd183e986681bbb23	@A00620	360	HV7VHDSX7	2	1101	7410	1016	NA	NA	NA	NA	GTL
SES	524	NA	702-83	NA	mirleo	L003	NA	NA	702-83_S15_L003_R1_001.fastq.gz	702-83_S15_L003_R2_001.fastq.gz	de95cae7e4fdbf207e9b2dff4e6d00b8	d220cbedd45ba533abbe640ebf3b353b	@A00620	360	HV7VHDSX7	3	1101	1561	1031	NA	NA	NA	NA	GTL
SES	524	NA	702-83	NA	mirleo	L004	NA	NA	702-83_S15_L004_R1_001.fastq.gz	702-83_S15_L004_R2_001.fastq.gz	319f9ef91d9928526e3a8b5bc1d6c4e5	3c76028dcc95aab31d2c0fd67c9b08ce	@A00620	360	HV7VHDSX7	4	1101	4381	1031	NA	NA	NA	NA	GTL
SES	562	NA	702-87	NA	mirleo	L001	NA	NA	702-87_S17_L001_R1_001.fastq.gz	702-87_S17_L001_R2_001.fastq.gz	91da37988bb1a8d620aa081ec968e5d2	c225065d4e99cf2afb47ffad61434e21	@A00620	360	HV7VHDSX7	1	1101	4128	1031	NA	NA	NA	NA	GTL
SES	562	NA	702-87	NA	mirleo	L002	NA	NA	702-87_S17_L002_R1_001.fastq.gz	702-87_S17_L002_R2_001.fastq.gz	8692483cb1057bac87ba9cc37c9b6251	0ef132361b104157073444f3aa10f8aa	@A00620	360	HV7VHDSX7	2	1101	1280	1016	NA	NA	NA	NA	GTL
SES	562	NA	702-87	NA	mirleo	L003	NA	NA	702-87_S17_L003_R1_001.fastq.gz	702-87_S17_L003_R2_001.fastq.gz	68ec0c1cb8b3bdd6c780fa9782a54de3	69435b6b48dcc0b0c57f3bf9e70843b7	@A00620	360	HV7VHDSX7	3	1101	2374	1031	NA	NA	NA	NA	GTL
SES	562	NA	702-87	NA	mirleo	L004	NA	NA	702-87_S17_L004_R1_001.fastq.gz	702-87_S17_L004_R2_001.fastq.gz	f4cb5fbc801ed6e8f3ae537652a2ca1a	8f29a8cd8631ad1582b42f3acc456cc4	@A00620	360	HV7VHDSX7	4	1101	1090	1031	NA	NA	NA	NA	GTL
SES	578	NA	702-89	NA	mirleo	L001	NA	NA	702-89_S19_L001_R1_001.fastq.gz	702-89_S19_L001_R2_001.fastq.gz	def71069b7f7847318fbd29cec0f8ec1	219aeff1a9d160806fb250cadc5ae5d2	@A00620	360	HV7VHDSX7	1	1101	1976	1031	NA	NA	NA	NA	GTL
SES	578	NA	702-89	NA	mirleo	L002	NA	NA	702-89_S19_L002_R1_001.fastq.gz	702-89_S19_L002_R2_001.fastq.gz	8fd94967955c6ee6860bf1eed05dbca5	b1e3b728cca55153f58456a1fcec3dbf	@A00620	360	HV7VHDSX7	2	1101	2672	1016	NA	NA	NA	NA	GTL
SES	578	NA	702-89	NA	mirleo	L003	NA	NA	702-89_S19_L003_R1_001.fastq.gz	702-89_S19_L003_R2_001.fastq.gz	bf5549db0aaeb69d26090e6f4e8c899a	348371de7d2e8cc95c806b47e57059fd	@A00620	360	HV7VHDSX7	3	1101	1199	1031	NA	NA	NA	NA	GTL
SES	578	NA	702-89	NA	mirleo	L004	NA	NA	702-89_S19_L004_R1_001.fastq.gz	702-89_S19_L004_R2_001.fastq.gz	783076d677dab9a8953971c3e04594c9	1b6546b04e5391665baca8e604ebd27f	@A00620	360	HV7VHDSX7	4	1101	2284	1031	NA	NA	NA	NA	GTL
NES	Hist32	NA	SRR27399225	NA	histor	L002	NA	NA	SRR27399225_S25_L002_R1_001.fastq.gz	SRR27399225_S25_L002_R2_001.fastq.gz	031f08a56a8c39e0a69015791beab7a6	4b6107757222f1ba259ded4cde8058f9	@A00794	638	HTV7KDSX3	2	1119	24153	11130	NA	NA	NA	NA	DURHAM
NES	Hist32	NA	SRR27399225	NA	histor	L004	NA	NA	SRR27399225_S25_L004_R1_001.fastq.gz	SRR27399225_S25_L004_R2_001.fastq.gz	5083917aae6e2a35ad30db2e5402f8b4	225c2d69673518a3164aaafacbb89328	@A00794	585	HFMNTDSX3	4	2553	9534	33223	NA	NA	NA	NA	DURHAM
NES	Hist28	NA	SRR27399226	NA	histor	L002	NA	NA	SRR27399226_S26_L002_R1_001.fastq.gz	SRR27399226_S26_L002_R2_001.fastq.gz	39743f69fb1eddb62b9e6960475f6239	59130a7c6a1598ee61503acdb27cf36d	@A00794	638	HTV7KDSX3	2	2147	23882	31328	NA	NA	NA	NA	DURHAM
NES	Hist28	NA	SRR27399226	NA	histor	L004	NA	NA	SRR27399226_S26_L004_R1_001.fastq.gz	SRR27399226_S26_L004_R2_001.fastq.gz	aabe7e3327cb578f8c8ef9d7721b6f1d	162498adfcb8281b5ef39274ba2eef95	@A00794	585	HFMNTDSX3	4	1263	10719	12101	NA	NA	NA	NA	DURHAM
NES	Hist23	NA	SRR27399227	NA	histor	L004	NA	NA	SRR27399227_S27_L004_R1_001.fastq.gz	SRR27399227_S27_L004_R2_001.fastq.gz	64c93843e89bf7a175a48fa1aba7fed4	1f3c09ac7e8c8f0f35eeca14048f8019	@A00794	585	HFMNTDSX3	4	1502	12554	4695	NA	NA	NA	NA	DURHAM
NES	Hist23	NA	SRR27399227	NA	histor	L002	NA	NA	SRR27399227_S27_L002_R1_001.fastq.gz	SRR27399227_S27_L002_R2_001.fastq.gz	0e65f9752e9f4ff67c0e2d44298fdcfc	67305360c70511c3da98423cd3ff2a1a	@A00794	638	HTV7KDSX3	2	2145	29649	36057	NA	NA	NA	NA	DURHAM
NES	Hist21	NA	SRR27399228	NA	histor	L002	NA	NA	SRR27399228_S28_L002_R1_001.fastq.gz	SRR27399228_S28_L002_R2_001.fastq.gz	14c142563eb6cdf0bb631a5308d1dc70	d00fbc8ec8e372cafca6771a76f20ab9	@A00794	638	HTV7KDSX3	2	2219	8151	14888	NA	NA	NA	NA	DURHAM
NES	Hist21	NA	SRR27399228	NA	histor	L004	NA	NA	SRR27399228_S28_L004_R1_001.fastq.gz	SRR27399228_S28_L004_R2_001.fastq.gz	f18bcac6876ad5c3fd836353f8880e50	7a73d3ce361300956104dc87b458c7f3	@A00794	585	HFMNTDSX3	4	2165	3920	1047	NA	NA	NA	NA	DURHAM
NES	Hist15	NA	SRR27399229	NA	histor	L004	NA	NA	SRR27399229_S29_L004_R1_001.fastq.gz	SRR27399229_S29_L004_R2_001.fastq.gz	42216bf7f4e64f5a422575f603553872	e9f3ef5ad8488f1cb1bde31061335bee	@A00794	585	HFMNTDSX3	4	2314	25346	17425	NA	NA	NA	NA	DURHAM
NES	Hist15	NA	SRR27399229	NA	histor	L002	NA	NA	SRR27399229_S29_L002_R1_001.fastq.gz	SRR27399229_S29_L002_R2_001.fastq.gz	69c608350cf5661a9f7d9f6b037133e5	41696e3958bf07d48bd10c36fd3eae93	@A00794	638	HTV7KDSX3	2	1467	7292	25645	NA	NA	NA	NA	DURHAM
NES	Hist8	NA	SRR27399230	NA	histor	L004	NA	NA	SRR27399230_S30_L004_R1_001.fastq.gz	SRR27399230_S30_L004_R2_001.fastq.gz	3b58e75c0809dc046fb8c01923b37f81	6a7c400bf5c0f530c555e84d25d04c93	@A00794	585	HFMNTDSX3	4	1656	8558	8516	NA	NA	NA	NA	DURHAM
NES	Hist4	NA	SRR27399231	NA	histor	L002	NA	NA	SRR27399231_S31_L002_R1_001.fastq.gz	SRR27399231_S31_L002_R2_001.fastq.gz	bbe419adb58c47eae6e13e0f09b00432	0b020d2e24930fa88ac8b0034b8eede7	@A00794	638	HTV7KDSX3	2	2578	15176	11647	NA	NA	NA	NA	DURHAM
NES	Hist1	NA	SRR27399232	NA	histor	L004	NA	NA	SRR27399232_S32_L004_R1_001.fastq.gz	SRR27399232_S32_L004_R2_001.fastq.gz	f1cb33b0d3658272090a19f04f8d9c46	8c49276bc2ed1ee15b51a5a533b5a2e4	@A00794	585	HFMNTDSX3	4	2658	30689	9017	NA	NA	NA	NA	DURHAM
NES	Hist1	NA	SRR27399232	NA	histor	L002	NA	NA	SRR27399232_S32_L002_R1_001.fastq.gz	SRR27399232_S32_L002_R2_001.fastq.gz	286752319d1c5c19280b4c10d79fa154	f1ca477ce9ad88e5c7cfbb6e4d2c9553	@A00794	638	HTV7KDSX3	2	1246	19271	3364	NA	NA	NA	NA	DURHAM
